{
  "camera_index": 0,
  "camera_name": "Lenovo FHD Webcam",
  "camera_resolution": [
    1920,
    1080
  ],
  "preview_resolution": [
    1280,
    720
  ],
  "resolution_scale_factor": 1.5,
  "crop_corners": [
    [
      149,
      216
    ],
    [
      400,
      235
    ],
    [
      398,
      281
    ],
    [
      147,
      264
    ]
  ],
  "zoom_level": 4.000000000000003,
  "pan_x": 817.2592592592591,
  "pan_y": 415.5856481481478
}